Lambda,Step,Evaluation Average Return
0.00,1,10.07440662
0.00,2,9.663416862
0.00,3,10.6732626
0.00,4,11.464571
0.00,5,16.47204208
0.00,6,11.12273312
0.00,7,12.24598408
0.00,8,11.02769184
0.00,9,14.24709511
0.00,10,13.25499153
0.00,11,12.09070969
0.00,12,12.71192932
0.00,13,16.71677208
0.00,14,16.36588669
0.00,15,25.30872345
0.00,16,13.77438068
0.00,17,14.6950779
0.00,18,18.21889114
0.00,19,15.66710186
0.00,20,14.28269291
0.00,21,18.71722984
0.00,22,16.80494499
0.00,23,20.10018539
0.00,24,20.82123375
0.00,25,13.64190769
0.00,26,12.67353725
0.00,27,22.87479019
0.00,28,16.05065918
0.00,29,16.9316864
0.00,30,21.12860489
0.00,31,20.04932785
0.00,32,14.75458717
0.00,33,27.92061615
0.00,34,20.24868584
0.00,35,22.25885582
0.00,36,18.86023331
0.00,37,23.51558304
0.00,38,19.79426384
0.00,39,24.33585358
0.00,40,19.65040779
0.00,41,31.76126289
0.00,42,22.22694206
0.00,43,25.74954414
0.00,44,26.29393959
0.00,45,17.7519207
0.00,46,26.45867348
0.00,47,15.79131031
0.00,48,25.26979828
0.00,49,23.5687027
0.00,50,24.85836983
0.00,51,25.14265442
0.00,52,49.08925247
0.00,53,26.40689659
0.00,54,18.77371407
0.00,55,28.5294838
0.00,56,41.82458496
0.00,57,20.30370712
0.00,58,16.93292046
0.00,59,24.19909668
0.00,60,30.7603054
0.00,61,37.83138275
0.00,62,31.5815506
0.00,63,34.11299133
0.00,64,18.42182922
0.00,65,31.90736961
0.00,66,31.25958633
0.00,67,48.74729156
0.00,68,21.30018616
0.00,69,45.824646
0.00,70,26.5468998
0.00,71,28.80812454
0.00,72,39.78467941
0.00,73,32.20835114
0.00,74,30.45583916
0.00,75,51.94034958
0.00,76,51.37611771
0.00,77,25.73038864
0.00,78,25.32341003
0.00,79,24.35804367
0.00,80,22.62401581
0.00,81,24.27820396
0.00,82,19.016922
0.00,83,42.85676575
0.00,84,21.97869301
0.00,85,24.52632713
0.00,86,52.27780914
0.00,87,23.47815514
0.00,88,29.31047058
0.00,89,25.43284035
0.00,90,41.07260513
0.00,91,22.64826202
0.00,92,38.45056915
0.00,93,24.5771637
0.00,94,33.6920929
0.00,95,19.95713043
0.00,96,26.39245415
0.00,97,21.09308052
0.00,98,25.21665382
0.00,99,23.98966599
0.00,100,23.14959717
0.00,101,23.46823311
0.00,102,25.1399498
0.00,103,19.66811752
0.00,104,33.94704056
0.00,105,27.5861454
0.00,106,27.14413452
0.00,107,17.39082909
0.00,108,18.84054565
0.00,109,16.30429459
0.00,110,18.76656914
0.00,111,36.23593903
0.00,112,29.58329201
0.00,113,24.24688721
0.00,114,31.42937469
0.00,115,18.56202698
0.00,116,24.82203865
0.00,117,29.09638977
0.00,118,17.26390648
0.00,119,15.22958851
0.00,120,23.11814499
0.00,121,22.87857246
0.00,122,16.13508224
0.00,123,18.51560211
0.00,124,21.30317688
0.00,125,21.42553902
0.00,126,22.94378281
0.00,127,20.72485542
0.00,128,28.20148277
0.00,129,15.33681202
0.00,130,18.68790817
0.00,131,22.85202408
0.00,132,15.91947842
0.00,133,22.72800827
0.00,134,20.42076111
0.00,135,22.8828373
0.00,136,23.17870522
0.00,137,21.30150795
0.00,138,23.28189278
0.00,139,24.53321838
0.00,140,28.67420006
0.00,141,34.42930222
0.00,142,35.8856926
0.00,143,36.51248932
0.00,144,39.39714813
0.00,145,29.42740059
0.00,146,42.76383972
0.00,147,22.86719513
0.00,148,45.05898666
0.00,149,25.33800125
0.00,150,30.66557312
0.00,151,34.21680832
0.00,152,26.81133842
0.00,153,25.62342453
0.00,154,39.2660141
0.00,155,33.0867424
0.00,156,25.26319313
0.00,157,28.73276901
0.00,158,29.8716774
0.00,159,38.64390564
0.00,160,32.40932465
0.00,161,48.32499313
0.00,162,53.02591705
0.00,163,44.01556396
0.00,164,52.68173218
0.00,165,32.99108505
0.00,166,44.44505692
0.00,167,33.85338974
0.00,168,72.25915527
0.00,169,67.53401184
0.00,170,84.27857208
0.00,171,34.30653763
0.00,172,48.18077469
0.00,173,45.05139542
0.00,174,26.90846062
0.00,175,85.82617188
0.00,176,64.34689331
0.00,177,66.99810028
0.00,178,48.71976089
0.00,179,54.31388855
0.00,180,64.5631485
0.00,181,65.75167847
0.00,182,46.79841614
0.00,183,51.98694229
0.00,184,57.73340988
0.00,185,58.87312317
0.00,186,58.72083282
0.00,187,46.06088638
0.00,188,57.17993164
0.00,189,89.97351074
0.00,190,61.25860977
0.00,191,75.76476288
0.00,192,47.72094727
0.00,193,77.64601898
0.00,194,71.32408142
0.00,195,63.78424072
0.00,196,58.69434357
0.00,197,75.57804871
0.00,198,53.68876648
0.00,199,53.34194946
0.00,200,87.38034058
0.00,201,72.82641602
0.00,202,54.04244995
0.00,203,45.56993866
0.00,204,61.27095795
0.00,205,65.1986618
0.00,206,75.31430817
0.00,207,57.90111923
0.00,208,49.56531525
0.00,209,55.4243927
0.00,210,40.90667725
0.00,211,97.5317688
0.00,212,47.78692627
0.00,213,72.88671875
0.00,214,59.38508606
0.00,215,52.45954514
0.00,216,71.22291565
0.00,217,69.53583527
0.00,218,60.09405136
0.00,219,75.60221863
0.00,220,62.88340759
0.00,221,54.36860275
0.00,222,69.67375183
0.00,223,77.39597321
0.00,224,79.34139252
0.00,225,105.7141266
0.00,226,44.75587845
0.00,227,61.73591232
0.00,228,108.7621613
0.00,229,52.44766235
0.00,230,48.72759628
0.00,231,70.67923737
0.00,232,52.47911453
0.00,233,67.23583984
0.00,234,79.67960358
0.00,235,52.68284225
0.00,236,71.08889008
0.00,237,54.39973068
0.00,238,65.92799377
0.00,239,58.59752274
0.00,240,56.4148941
0.00,241,76.76350403
0.00,242,45.87734222
0.00,243,57.2968483
0.00,244,72.18321991
0.00,245,50.58031845
0.00,246,75.841362
0.00,247,52.06847763
0.00,248,64.27226257
0.00,249,74.69602966
0.00,250,69.44409943
0.00,251,69.7693634
0.00,252,69.4538269
0.00,253,60.25311661
0.00,254,65.88178253
0.00,255,61.73764038
0.00,256,87.32833862
0.00,257,58.72995758
0.00,258,68.98127747
0.00,259,61.13274002
0.00,260,67.6624527
0.00,261,61.2877388
0.00,262,64.3075943
0.00,263,60.97524643
0.00,264,71.65427399
0.00,265,60.42734909
0.00,266,47.52977753
0.00,267,65.85827637
0.00,268,72.28266907
0.00,269,62.05710602
0.00,270,57.58339691
0.00,271,62.7714386
0.00,272,62.54195786
0.00,273,69.71939087
0.00,274,64.04924011
0.00,275,65.42513275
0.00,276,54.00669098
0.00,277,47.92150497
0.00,278,80.12149811
0.00,279,78.08577728
0.00,280,69.16008759
0.00,281,64.05614471
0.00,282,89.08161926
0.00,283,57.96300125
0.00,284,64.19242859
0.00,285,67.23568726
0.00,286,59.10100937
0.00,287,52.89432526
0.00,288,70.59820557
0.00,289,69.50865173
0.00,290,68.3266449
0.00,291,79.07636261
0.00,292,74.05397797
0.00,293,69.06376648
0.00,294,69.17677307
0.00,295,71.29719543
0.00,296,70.58660889
0.00,297,70.8662262
0.00,298,71.92443848
0.00,299,79.88121796
0.00,300,70.72705078
0.95,1,10.10312366
0.95,2,9.995249748
0.95,3,12.32794666
0.95,4,11.76869202
0.95,5,17.76922226
0.95,6,12.18669891
0.95,7,14.50421143
0.95,8,18.10938454
0.95,9,26.22283745
0.95,10,23.23020744
0.95,11,35.11604691
0.95,12,33.0795784
0.95,13,20.01647568
0.95,14,28.19357872
0.95,15,32.24739456
0.95,16,42.46554184
0.95,17,40.40207672
0.95,18,57.46970367
0.95,19,84.20406342
0.95,20,38.89310837
0.95,21,100.5125885
0.95,22,121.804245
0.95,23,57.3427124
0.95,24,52.01597214
0.95,25,68.77902222
0.95,26,70.80220032
0.95,27,90.87923431
0.95,28,106.8173752
0.95,29,105.8895798
0.95,30,124.5424271
0.95,31,70.83313751
0.95,32,102.1302643
0.95,33,106.6177902
0.95,34,95.46340179
0.95,35,111.8277206
0.95,36,143.8501282
0.95,37,110.1645432
0.95,38,92.68643951
0.95,39,105.3082123
0.95,40,102.3700485
0.95,41,132.399292
0.95,42,116.7777481
0.95,43,128.4330444
0.95,44,142.2944794
0.95,45,111.7381821
0.95,46,132.631424
0.95,47,120.2271805
0.95,48,126.0498428
0.95,49,160.1829681
0.95,50,166.3630829
0.95,51,151.1121368
0.95,52,170.8575745
0.95,53,138.569458
0.95,54,180.4532013
0.95,55,164.6792603
0.95,56,133.0159607
0.95,57,202.5940704
0.95,58,175.053894
0.95,59,160.769577
0.95,60,201.6560211
0.95,61,191.2683258
0.95,62,186.9726715
0.95,63,174.3380432
0.95,64,184.5524597
0.95,65,185.8596954
0.95,66,166.4333038
0.95,67,148.3331451
0.95,68,184.9970703
0.95,69,173.7416534
0.95,70,174.4026794
0.95,71,171.2708893
0.95,72,191.861618
0.95,73,153.9219666
0.95,74,165.9855042
0.95,75,183.4356995
0.95,76,183.2040253
0.95,77,174.3236847
0.95,78,166.4359283
0.95,79,181.2269135
0.95,80,161.5655975
0.95,81,162.0939178
0.95,82,178.4693298
0.95,83,171.2001648
0.95,84,164.9304199
0.95,85,181.3085022
0.95,86,187.5849915
0.95,87,180.7953186
0.95,88,164.5805206
0.95,89,190.19104
0.95,90,196.3029938
0.95,91,195.2707672
0.95,92,193.3851624
0.95,93,170.4449005
0.95,94,158.5908813
0.95,95,137.9977875
0.95,96,187.5486755
0.95,97,188.3154755
0.95,98,189.9605255
0.95,99,185.5490265
0.95,100,193.1441193
0.95,101,174.2249603
0.95,102,181.7736511
0.95,103,184.7789612
0.95,104,182.6345825
0.95,105,167.0652466
0.95,106,190.8924713
0.95,107,156.115921
0.95,108,183.0123596
0.95,109,179.6294403
0.95,110,153.1316528
0.95,111,174.7854462
0.95,112,184.539505
0.95,113,188.4845734
0.95,114,188.4581451
0.95,115,185.031601
0.95,116,179.5101166
0.95,117,188.9988098
0.95,118,166.3907623
0.95,119,183.480484
0.95,120,175.5232391
0.95,121,187.6572266
0.95,122,166.2646637
0.95,123,184.2939453
0.95,124,184.5718079
0.95,125,186.0404053
0.95,126,192.6316681
0.95,127,179.9895325
0.95,128,180.4071198
0.95,129,169.855957
0.95,130,180.6059265
0.95,131,184.2694855
0.95,132,193.453949
0.95,133,176.9907684
0.95,134,161.2714844
0.95,135,184.8645172
0.95,136,149.0941772
0.95,137,183.5302277
0.95,138,171.2197571
0.95,139,193.4617615
0.95,140,192.0729523
0.95,141,182.4655762
0.95,142,198.9708252
0.95,143,197.3393555
0.95,144,167.1004028
0.95,145,196.2372437
0.95,146,194.4671021
0.95,147,184.9838562
0.95,148,173.0758362
0.95,149,185.8869781
0.95,150,187.87323
0.95,151,186.5859833
0.95,152,185.8745575
0.95,153,191.5403595
0.95,154,200.7973328
0.95,155,166.3436584
0.95,156,203.1866913
0.95,157,184.7917023
0.95,158,198.2096558
0.95,159,191.9470673
0.95,160,200.433548
0.95,161,188.8288422
0.95,162,198.2489319
0.95,163,190.3885803
0.95,164,159.6915588
0.95,165,178.876297
0.95,166,179.4044952
0.95,167,194.6589661
0.95,168,185.9606476
0.95,169,186.3877411
0.95,170,202.715744
0.95,171,186.330368
0.95,172,194.508255
0.95,173,196.4754333
0.95,174,194.6995392
0.95,175,194.9606171
0.95,176,186.6033936
0.95,177,167.6208801
0.95,178,197.9899139
0.95,179,194.1831055
0.95,180,203.2891693
0.95,181,207.0174866
0.95,182,187.3527069
0.95,183,200.0484161
0.95,184,188.7914734
0.95,185,187.141922
0.95,186,206.9608002
0.95,187,193.6116028
0.95,188,203.5184326
0.95,189,208.399353
0.95,190,183.5915833
0.95,191,195.365387
0.95,192,207.6031952
0.95,193,187.5368652
0.95,194,188.2828064
0.95,195,145.8495331
0.95,196,189.9654846
0.95,197,195.6752319
0.95,198,173.211441
0.95,199,182.3564911
0.95,200,171.7976379
0.95,201,175.825531
0.95,202,186.2193756
0.95,203,213.7469177
0.95,204,158.9760742
0.95,205,187.5848846
0.95,206,203.7211456
0.95,207,174.6953278
0.95,208,225.3206482
0.95,209,183.8903656
0.95,210,169.6147156
0.95,211,181.7887421
0.95,212,187.821701
0.95,213,193.941803
0.95,214,161.6755066
0.95,215,189.6111145
0.95,216,191.2798615
0.95,217,193.0249481
0.95,218,208.603714
0.95,219,215.3607178
0.95,220,199.8427429
0.95,221,200.3648071
0.95,222,184.1186523
0.95,223,201.5940704
0.95,224,193.1700134
0.95,225,191.4507751
0.95,226,194.8956757
0.95,227,189.1053772
0.95,228,188.254364
0.95,229,224.712616
0.95,230,193.8901672
0.95,231,188.1607971
0.95,232,195.3657684
0.95,233,194.3265076
0.95,234,174.6502991
0.95,235,176.4210968
0.95,236,197.3744507
0.95,237,215.9701233
0.95,238,197.0189514
0.95,239,223.3917694
0.95,240,222.0196228
0.95,241,192.7308044
0.95,242,190.2991943
0.95,243,198.415741
0.95,244,202.922821
0.95,245,208.6670074
0.95,246,202.3292694
0.95,247,173.6065826
0.95,248,199.0644836
0.95,249,237.3468933
0.95,250,192.2861633
0.95,251,166.3131409
0.95,252,239.1068115
0.95,253,213.3368835
0.95,254,222.1582947
0.95,255,212.0084229
0.95,256,213.5631409
0.95,257,218.0631409
0.95,258,268.6341248
0.95,259,197.5847778
0.95,260,199.9208374
0.95,261,305.1699219
0.95,262,259.1748047
0.95,263,250.2794037
0.95,264,222.9324799
0.95,265,181.8029327
0.95,266,186.9252319
0.95,267,298.5481873
0.95,268,206.8618011
0.95,269,199.4679565
0.95,270,218.0253906
0.95,271,230.5634766
0.95,272,283.6582031
0.95,273,230.5784454
0.95,274,240.940979
0.95,275,247.3191681
0.95,276,351.7174072
0.95,277,176.7507019
0.95,278,271.6622925
0.95,279,321.0131531
0.95,280,267.4824829
0.95,281,260.9819031
0.95,282,317.3141174
0.95,283,233.9845581
0.95,284,217.5939484
0.95,285,254.1706543
0.95,286,231.5072479
0.95,287,261.3111572
0.95,288,288.6419983
0.95,289,237.7972412
0.95,290,165.546524
0.95,291,153.5363922
0.95,292,247.0085144
0.95,293,219.2902374
0.95,294,210.4561768
0.95,295,268.980957
0.95,296,312.9024048
0.95,297,132.4324188
0.95,298,250.4125671
0.95,299,398.7034607
0.95,300,235.2820129
0.98,1,10.0960722
0.98,2,9.986604691
0.98,3,11.15774441
0.98,4,11.76575661
0.98,5,22.57790375
0.98,6,11.34895134
0.98,7,14.440979
0.98,8,13.41728783
0.98,9,25.19231415
0.98,10,20.24223709
0.98,11,30.92951584
0.98,12,24.79642677
0.98,13,25.36012077
0.98,14,28.69226265
0.98,15,35.50667572
0.98,16,44.65190125
0.98,17,31.7587471
0.98,18,56.59216309
0.98,19,51.24597549
0.98,20,39.66997147
0.98,21,45.76124954
0.98,22,76.41556549
0.98,23,63.55741501
0.98,24,109.0829468
0.98,25,46.38684082
0.98,26,79.2872467
0.98,27,43.67871857
0.98,28,86.48148346
0.98,29,81.65271759
0.98,30,116.3527222
0.98,31,90.74383545
0.98,32,112.1264496
0.98,33,104.0066452
0.98,34,98.30218506
0.98,35,124.4352036
0.98,36,140.9225616
0.98,37,95.28678894
0.98,38,92.36114502
0.98,39,96.05485535
0.98,40,130.5835419
0.98,41,170.6730957
0.98,42,84.64788818
0.98,43,124.4691925
0.98,44,138.0107574
0.98,45,128.6921844
0.98,46,114.9447403
0.98,47,79.32017517
0.98,48,133.4725494
0.98,49,137.5282745
0.98,50,131.9968262
0.98,51,199.6059265
0.98,52,153.2314453
0.98,53,151.9584198
0.98,54,188.0426178
0.98,55,159.1970367
0.98,56,154.0223236
0.98,57,162.2763672
0.98,58,173.8520355
0.98,59,212.0066376
0.98,60,168.1026459
0.98,61,187.8071747
0.98,62,163.2577972
0.98,63,138.3818207
0.98,64,170.5373688
0.98,65,170.4808655
0.98,66,164.1251221
0.98,67,132.573349
0.98,68,204.2551727
0.98,69,164.4879608
0.98,70,192.9774475
0.98,71,138.3452148
0.98,72,133.2229004
0.98,73,192.677124
0.98,74,194.8324738
0.98,75,182.4199219
0.98,76,195.086853
0.98,77,185.3403473
0.98,78,179.407959
0.98,79,192.4116669
0.98,80,215.2429504
0.98,81,168.7763062
0.98,82,204.7875061
0.98,83,205.8556213
0.98,84,207.0796204
0.98,85,182.7264099
0.98,86,168.4300385
0.98,87,207.895813
0.98,88,224.0225372
0.98,89,197.1036224
0.98,90,206.1013641
0.98,91,205.9787903
0.98,92,175.3327484
0.98,93,169.413681
0.98,94,206.1820984
0.98,95,205.6383362
0.98,96,213.4167786
0.98,97,201.603302
0.98,98,182.9969025
0.98,99,188.5031891
0.98,100,199.9598083
0.98,101,200.2011871
0.98,102,206.4063721
0.98,103,217.719162
0.98,104,210.6929169
0.98,105,211.2239075
0.98,106,206.54422
0.98,107,207.8605042
0.98,108,211.7236023
0.98,109,214.0783539
0.98,110,196.4645081
0.98,111,215.2395477
0.98,112,202.9640808
0.98,113,207.2465363
0.98,114,225.7462921
0.98,115,212.3405762
0.98,116,214.1960449
0.98,117,202.9339294
0.98,118,219.614212
0.98,119,217.6326294
0.98,120,189.1903229
0.98,121,220.5186157
0.98,122,210.1200714
0.98,123,223.4327087
0.98,124,187.36763
0.98,125,226.4694214
0.98,126,219.6094818
0.98,127,209.1326599
0.98,128,217.8366241
0.98,129,205.8972168
0.98,130,220.5781708
0.98,131,193.5635529
0.98,132,217.7609863
0.98,133,193.6276093
0.98,134,231.1029358
0.98,135,227.4776001
0.98,136,230.5474396
0.98,137,202.5914154
0.98,138,221.3561859
0.98,139,232.4863281
0.98,140,198.4532928
0.98,141,220.2782898
0.98,142,214.1763
0.98,143,228.3645935
0.98,144,238.4011383
0.98,145,242.1165771
0.98,146,263.9961853
0.98,147,214.5770721
0.98,148,227.4302673
0.98,149,245.1881866
0.98,150,226.4250946
0.98,151,178.0983429
0.98,152,240.233551
0.98,153,277.8106689
0.98,154,229.5027313
0.98,155,223.5112
0.98,156,205.9950409
0.98,157,238.2418213
0.98,158,234.1222229
0.98,159,232.0814819
0.98,160,229.8972015
0.98,161,249.9178619
0.98,162,251.8130798
0.98,163,244.2937775
0.98,164,255.2063446
0.98,165,250.8417816
0.98,166,239.8881226
0.98,167,232.4244537
0.98,168,240.3377838
0.98,169,241.3281555
0.98,170,233.2676697
0.98,171,240.8348694
0.98,172,248.1984253
0.98,173,254.6034851
0.98,174,257.5782776
0.98,175,256.7850952
0.98,176,268.7770081
0.98,177,254.6432343
0.98,178,255.2733002
0.98,179,275.153717
0.98,180,266.7044067
0.98,181,242.7069702
0.98,182,232.4560394
0.98,183,263.6087341
0.98,184,270.5331116
0.98,185,268.7762146
0.98,186,264.4638367
0.98,187,277.3682251
0.98,188,238.8486633
0.98,189,278.0330811
0.98,190,270.9777222
0.98,191,296.7265015
0.98,192,254.3007813
0.98,193,272.6651917
0.98,194,328.7929382
0.98,195,294.5854797
0.98,196,308.5078735
0.98,197,334.9382629
0.98,198,303.4516602
0.98,199,301.3141174
0.98,200,310.5444641
0.98,201,324.5292664
0.98,202,346.3952637
0.98,203,324.3474426
0.98,204,243.7192383
0.98,205,328.6811218
0.98,206,360.7372131
0.98,207,313.9354858
0.98,208,293.8579407
0.98,209,306.6775818
0.98,210,300.0899353
0.98,211,377.7668457
0.98,212,359.4473877
0.98,213,382.697998
0.98,214,358.0270081
0.98,215,320.5698547
0.98,216,341.4482117
0.98,217,284.4995422
0.98,218,333.9675293
0.98,219,364.4604492
0.98,220,278.6647644
0.98,221,369.1678162
0.98,222,337.8041687
0.98,223,358.1209717
0.98,224,327.7790222
0.98,225,420.7423096
0.98,226,371.6751709
0.98,227,458.9978638
0.98,228,392.9823303
0.98,229,418.0636292
0.98,230,367.4236755
0.98,231,373.8681946
0.98,232,386.4899597
0.98,233,374.8191223
0.98,234,366.9180908
0.98,235,432.2566223
0.98,236,414.1491699
0.98,237,416.7677307
0.98,238,314.4954529
0.98,239,294.4356995
0.98,240,392.1163025
0.98,241,305.6769409
0.98,242,306.9602966
0.98,243,395.1367188
0.98,244,402.971344
0.98,245,316.3746338
0.98,246,355.2155762
0.98,247,328.9142456
0.98,248,460.7188416
0.98,249,445.7112732
0.98,250,492.2847595
0.98,251,387.5729065
0.98,252,292.4363708
0.98,253,348.508667
0.98,254,357.8612976
0.98,255,466.6039734
0.98,256,291.2282715
0.98,257,432.5830688
0.98,258,361.6982422
0.98,259,366.6815186
0.98,260,387.286499
0.98,261,332.3611145
0.98,262,318.8814392
0.98,263,296.2884521
0.98,264,349.1505127
0.98,265,297.8125305
0.98,266,345.3266602
0.98,267,430.6233521
0.98,268,428.7492065
0.98,269,500.2177734
0.98,270,333.3435059
0.98,271,361.7124329
0.98,272,468.9256287
0.98,273,506.9730835
0.98,274,447.9064636
0.98,275,397.0189819
0.98,276,356.4202576
0.98,277,393.1818237
0.98,278,414.690033
0.98,279,401.3360901
0.98,280,372.3461914
0.98,281,294.1312561
0.98,282,317.2755432
0.98,283,318.0101929
0.98,284,401.7954102
0.98,285,372.6547852
0.98,286,278.1409302
0.98,287,324.5673523
0.98,288,348.3617249
0.98,289,308.7578735
0.98,290,309.8812256
0.98,291,322.687561
0.98,292,256.4074402
0.98,293,380.227356
0.98,294,332.3306274
0.98,295,409.9620056
0.98,296,351.6210022
0.98,297,637.4487915
0.98,298,346.1141052
0.98,299,525.1637573
0.98,300,411.421875
0.99,1,10.09354115
0.99,2,9.991383553
0.99,3,11.14943981
0.99,4,11.54661369
0.99,5,20.32390213
0.99,6,12.06485367
0.99,7,14.0781889
0.99,8,17.51811409
0.99,9,19.93354988
0.99,10,22.45319748
0.99,11,33.27004623
0.99,12,23.31860733
0.99,13,23.84571457
0.99,14,31.63950539
0.99,15,40.38040543
0.99,16,27.36143112
0.99,17,33.09982681
0.99,18,77.34854126
0.99,19,50.80778503
0.99,20,50.14845276
0.99,21,55.76330185
0.99,22,64.6998291
0.99,23,61.24881363
0.99,24,80.08528137
0.99,25,89.36829376
0.99,26,69.87302399
0.99,27,91.03814697
0.99,28,72.47866821
0.99,29,70.45567322
0.99,30,79.03417969
0.99,31,116.8097763
0.99,32,86.55077362
0.99,33,100.7170334
0.99,34,104.2331848
0.99,35,103.3819199
0.99,36,108.867775
0.99,37,78.22386932
0.99,38,113.9295425
0.99,39,96.71708679
0.99,40,127.6007767
0.99,41,91.195755
0.99,42,127.9945602
0.99,43,103.3370209
0.99,44,125.6445236
0.99,45,82.38885498
0.99,46,108.4799576
0.99,47,109.0758514
0.99,48,122.435791
0.99,49,130.0837402
0.99,50,122.6348343
0.99,51,105.970047
0.99,52,137.5657806
0.99,53,116.1307983
0.99,54,159.1460571
0.99,55,139.4942017
0.99,56,140.0257721
0.99,57,169.2220154
0.99,58,154.4953308
0.99,59,180.7916718
0.99,60,182.5234833
0.99,61,176.1976776
0.99,62,144.1294403
0.99,63,200.7315674
0.99,64,175.9206238
0.99,65,194.4438171
0.99,66,177.1250305
0.99,67,180.3783722
0.99,68,146.8835297
0.99,69,225.0543671
0.99,70,210.1746521
0.99,71,194.3896179
0.99,72,183.5534973
0.99,73,171.7998505
0.99,74,204.1319733
0.99,75,203.9090576
0.99,76,209.5768738
0.99,77,189.0117645
0.99,78,183.7335663
0.99,79,194.099411
0.99,80,180.5644684
0.99,81,182.8465118
0.99,82,221.9439087
0.99,83,156.0670624
0.99,84,182.6871643
0.99,85,218.9121704
0.99,86,196.1452332
0.99,87,207.7686462
0.99,88,190.1990204
0.99,89,156.9546967
0.99,90,211.2715759
0.99,91,181.9029999
0.99,92,209.8206482
0.99,93,208.36763
0.99,94,187.0085449
0.99,95,200.3140869
0.99,96,180.0778198
0.99,97,216.3981476
0.99,98,197.638092
0.99,99,218.0263214
0.99,100,214.033905
0.99,101,194.6433563
0.99,102,218.4454956
0.99,103,213.3456116
0.99,104,215.4845276
0.99,105,209.9765625
0.99,106,223.0667725
0.99,107,167.8460846
0.99,108,218.029129
0.99,109,217.3726807
0.99,110,208.377594
0.99,111,235.5941162
0.99,112,225.158905
0.99,113,232.201889
0.99,114,206.8800812
0.99,115,218.4774628
0.99,116,208.6903992
0.99,117,214.2960663
0.99,118,222.9936523
0.99,119,213.8044739
0.99,120,221.255249
0.99,121,215.302887
0.99,122,226.4989014
0.99,123,233.5776978
0.99,124,195.7771301
0.99,125,222.164917
0.99,126,201.9308777
0.99,127,210.0792847
0.99,128,201.0384064
0.99,129,221.55336
0.99,130,227.2900085
0.99,131,252.1483459
0.99,132,234.6082001
0.99,133,234.3417816
0.99,134,234.6074219
0.99,135,224.6369019
0.99,136,236.7122803
0.99,137,217.1750946
0.99,138,232.624527
0.99,139,229.568634
0.99,140,242.4570923
0.99,141,237.5654602
0.99,142,218.5741425
0.99,143,236.2014923
0.99,144,238.0264282
0.99,145,271.9335938
0.99,146,241.9216461
0.99,147,223.2906952
0.99,148,230.0471802
0.99,149,256.6646729
0.99,150,250.6269379
0.99,151,246.4055176
0.99,152,237.8930359
0.99,153,250.6668243
0.99,154,279.5356445
0.99,155,238.3642273
0.99,156,250.1057281
0.99,157,265.9427795
0.99,158,256.9004822
0.99,159,245.3645325
0.99,160,249.4850311
0.99,161,257.9533997
0.99,162,272.4380798
0.99,163,242.5542297
0.99,164,275.8294373
0.99,165,293.0591736
0.99,166,286.009491
0.99,167,263.0827026
0.99,168,234.1963501
0.99,169,266.4025879
0.99,170,262.2661438
0.99,171,259.1168213
0.99,172,301.0227051
0.99,173,255.9871826
0.99,174,262.1618652
0.99,175,290.3204346
0.99,176,302.5383301
0.99,177,267.244873
0.99,178,284.447937
0.99,179,287.0532532
0.99,180,277.7748718
0.99,181,274.8256531
0.99,182,293.263916
0.99,183,268.0129089
0.99,184,315.0493469
0.99,185,264.6575623
0.99,186,290.6704407
0.99,187,373.1818237
0.99,188,319.2517395
0.99,189,278.1915283
0.99,190,313.8083801
0.99,191,309.6011047
0.99,192,330.9457092
0.99,193,297.9959412
0.99,194,288.4848328
0.99,195,301.4946594
0.99,196,234.3481903
0.99,197,299.4989319
0.99,198,315.3072815
0.99,199,356.3171082
0.99,200,334.7362366
0.99,201,405.1524048
0.99,202,366.8538818
0.99,203,326.9969788
0.99,204,346.0884705
0.99,205,335.5052185
0.99,206,345.0314026
0.99,207,381.0223083
0.99,208,412.9127808
0.99,209,375.1795654
0.99,210,428.3654175
0.99,211,373.9176025
0.99,212,416.3786011
0.99,213,400.4952393
0.99,214,365.1099548
0.99,215,341.4281006
0.99,216,428.1775513
0.99,217,402.5085144
0.99,218,439.1607056
0.99,219,331.6818237
0.99,220,427.0234375
0.99,221,362.0939636
0.99,222,420.1213379
0.99,223,376.0998535
0.99,224,421.125824
0.99,225,389.7955933
0.99,226,399.6210327
0.99,227,396.7675781
0.99,228,414.3530884
0.99,229,411.769043
0.99,230,385.0366211
0.99,231,397.9266052
0.99,232,409.3815918
0.99,233,498.1842041
0.99,234,420.4630737
0.99,235,431.9313965
0.99,236,452.9038696
0.99,237,385.3510437
0.99,238,416.7539673
0.99,239,419.0130615
0.99,240,389.4520569
0.99,241,363.8224182
0.99,242,411.7247925
0.99,243,354.5290527
0.99,244,397.9654846
0.99,245,351.4161682
0.99,246,367.8221741
0.99,247,386.0152893
0.99,248,396.2913818
0.99,249,340.464447
0.99,250,402.2971191
0.99,251,354.2990723
0.99,252,375.2367249
0.99,253,347.3667908
0.99,254,404.7936096
0.99,255,371.8259277
0.99,256,354.5082092
0.99,257,311.96875
0.99,258,410.0042419
0.99,259,384.4365234
0.99,260,362.0618591
0.99,261,368.7813416
0.99,262,350.9371033
0.99,263,427.3740234
0.99,264,286.8856201
0.99,265,335.9679565
0.99,266,342.7892151
0.99,267,349.1872559
0.99,268,371.0426331
0.99,269,353.7193298
0.99,270,352.9801331
0.99,271,401.9755554
0.99,272,359.5813293
0.99,273,310.2315369
0.99,274,320.7051086
0.99,275,354.7042542
0.99,276,340.6299133
0.99,277,376.1285706
0.99,278,362.3413086
0.99,279,331.7174683
0.99,280,339.6105042
0.99,281,383.9393005
0.99,282,378.7851868
0.99,283,356.7052002
0.99,284,327.0296936
0.99,285,339.2130127
0.99,286,353.7757568
0.99,287,366.4046936
0.99,288,318.453064
0.99,289,383.6322937
0.99,290,374.9947205
0.99,291,313.9035645
0.99,292,373.0661316
0.99,293,369.3554688
0.99,294,336.4392395
0.99,295,440.2628174
0.99,296,329.9673462
0.99,297,416.8561096
0.99,298,314.4182129
0.99,299,393.4466858
0.99,300,500.2489014
1.00,1,10.02119541
1.00,2,9.883951187
1.00,3,13.3961153
1.00,4,11.5828867
1.00,5,16.4190464
1.00,6,11.28200722
1.00,7,13.89272499
1.00,8,11.71811008
1.00,9,19.08129501
1.00,10,21.88368034
1.00,11,35.93023682
1.00,12,22.21590614
1.00,13,24.9190731
1.00,14,28.96065903
1.00,15,35.3829689
1.00,16,32.07220459
1.00,17,24.44270706
1.00,18,63.94471359
1.00,19,36.36065292
1.00,20,28.08158493
1.00,21,82.34363556
1.00,22,60.75227356
1.00,23,77.57232666
1.00,24,59.70952606
1.00,25,51.87477493
1.00,26,46.35328293
1.00,27,45.62071991
1.00,28,138.4158478
1.00,29,94.15895844
1.00,30,95.50621033
1.00,31,120.8234253
1.00,32,70.87210846
1.00,33,121.5244751
1.00,34,81.47723389
1.00,35,97.38603973
1.00,36,148.7555237
1.00,37,111.7852478
1.00,38,109.1526108
1.00,39,90.97969055
1.00,40,108.1782761
1.00,41,108.9893417
1.00,42,119.005127
1.00,43,92.1628418
1.00,44,125.2216721
1.00,45,104.9719772
1.00,46,77.14897156
1.00,47,97.68836975
1.00,48,126.0210571
1.00,49,117.1065292
1.00,50,106.6104507
1.00,51,125.1694031
1.00,52,182.6046753
1.00,53,129.702713
1.00,54,120.1290054
1.00,55,146.5843201
1.00,56,124.8058472
1.00,57,144.5525665
1.00,58,189.6379089
1.00,59,130.1083221
1.00,60,178.1902161
1.00,61,194.1591034
1.00,62,134.1836548
1.00,63,193.3491821
1.00,64,184.0028534
1.00,65,173.0040894
1.00,66,170.5007935
1.00,67,202.1951752
1.00,68,148.009903
1.00,69,172.2805176
1.00,70,218.0915222
1.00,71,176.3227692
1.00,72,204.7473907
1.00,73,184.5076447
1.00,74,183.2520294
1.00,75,165.2538147
1.00,76,167.1882629
1.00,77,183.050293
1.00,78,219.8133392
1.00,79,202.422287
1.00,80,247.1252441
1.00,81,214.3155823
1.00,82,192.3277893
1.00,83,229.0098877
1.00,84,228.7042542
1.00,85,229.8615112
1.00,86,237.4786377
1.00,87,187.1419373
1.00,88,168.664093
1.00,89,236.5731812
1.00,90,207.5814209
1.00,91,222.6656036
1.00,92,175.32164
1.00,93,190.7857208
1.00,94,250.4726868
1.00,95,267.1296692
1.00,96,247.2843933
1.00,97,232.7402649
1.00,98,225.9683075
1.00,99,239.9187622
1.00,100,268.4876709
1.00,101,190.7790527
1.00,102,238.5553436
1.00,103,214.5895233
1.00,104,265.8869019
1.00,105,199.5733185
1.00,106,249.6975403
1.00,107,255.3463593
1.00,108,276.3568115
1.00,109,270.5523376
1.00,110,211.2545471
1.00,111,182.0343018
1.00,112,269.7616882
1.00,113,233.4753723
1.00,114,261.3471375
1.00,115,262.7448425
1.00,116,221.3529053
1.00,117,266.0740662
1.00,118,280.3928528
1.00,119,286.4604492
1.00,120,279.696228
1.00,121,274.3348083
1.00,122,304.54776
1.00,123,253.1767578
1.00,124,246.5855103
1.00,125,279.9814148
1.00,126,277.9650879
1.00,127,220.9136963
1.00,128,274.5541382
1.00,129,273.1828308
1.00,130,273.2745056
1.00,131,313.6488953
1.00,132,220.3576508
1.00,133,242.2038422
1.00,134,243.8781738
1.00,135,278.117157
1.00,136,297.4615784
1.00,137,320.6323242
1.00,138,386.3321228
1.00,139,228.0746307
1.00,140,329.2231445
1.00,141,329.5331421
1.00,142,216.8667297
1.00,143,269.54245
1.00,144,225.4173126
1.00,145,349.5796204
1.00,146,216.9114532
1.00,147,327.9003296
1.00,148,283.3337708
1.00,149,356.2036133
1.00,150,270.4898376
1.00,151,304.0269775
1.00,152,300.2991638
1.00,153,366.6218872
1.00,154,306.4496155
1.00,155,333.2006531
1.00,156,305.4472351
1.00,157,343.1678162
1.00,158,381.0157471
1.00,159,358.7007141
1.00,160,294.2016602
1.00,161,213.2533722
1.00,162,359.9481201
1.00,163,534.0165405
1.00,164,348.1292114
1.00,165,365.8765259
1.00,166,365.8529358
1.00,167,297.9168091
1.00,168,510.191803
1.00,169,329.0299988
1.00,170,351.1616821
1.00,171,421.1105957
1.00,172,398.2840881
1.00,173,338.5003967
1.00,174,319.0764771
1.00,175,313.0993652
1.00,176,375.9849243
1.00,177,535.5129395
1.00,178,418.9269104
1.00,179,328.9766541
1.00,180,382.4474487
1.00,181,336.7571411
1.00,182,353.6674805
1.00,183,469.6530151
1.00,184,356.9999084
1.00,185,347.5118103
1.00,186,319.2379761
1.00,187,366.8136597
1.00,188,308.9204102
1.00,189,374.3404846
1.00,190,349.9198608
1.00,191,327.6904297
1.00,192,397.3585815
1.00,193,296.3112793
1.00,194,402.7140503
1.00,195,420.4151001
1.00,196,419.1143799
1.00,197,361.0621643
1.00,198,452.1196899
1.00,199,337.1185303
1.00,200,407.3828125
1.00,201,466.3296204
1.00,202,417.3764038
1.00,203,411.5408325
1.00,204,345.2072144
1.00,205,369.6932373
1.00,206,396.0511169
1.00,207,368.049408
1.00,208,586.7403564
1.00,209,379.1295776
1.00,210,340.0629272
1.00,211,705.5162964
1.00,212,401.8462219
1.00,213,351.6093445
1.00,214,372.2842407
1.00,215,593.6424561
1.00,216,479.4927979
1.00,217,482.8569641
1.00,218,412.2437134
1.00,219,584.302124
1.00,220,375.7164612
1.00,221,398.9607544
1.00,222,458.3347778
1.00,223,498.2430115
1.00,224,578.2640381
1.00,225,574.5046387
1.00,226,817.4658203
1.00,227,644.1239624
1.00,228,639.8391113
1.00,229,462.1713562
1.00,230,594.0878906
1.00,231,377.3017273
1.00,232,852.9083252
1.00,233,490.0647583
1.00,234,623.2182007
1.00,235,563.6253052
1.00,236,543.4726563
1.00,237,404.3349609
1.00,238,530.9958496
1.00,239,475.0681152
1.00,240,443.8348999
1.00,241,462.5993958
1.00,242,633.8571167
1.00,243,595.9095459
1.00,244,496.2423096
1.00,245,609.1774902
1.00,246,607.4647827
1.00,247,429.401886
1.00,248,649.8563232
1.00,249,818.56073
1.00,250,430.4743042
1.00,251,451.7275391
1.00,252,547.9099121
1.00,253,383.3092651
1.00,254,665.25177
1.00,255,413.4976807
1.00,256,663.8361206
1.00,257,415.331543
1.00,258,543.5359497
1.00,259,464.3357544
1.00,260,609.9866333
1.00,261,449.0549316
1.00,262,565.8532715
1.00,263,671.2860107
1.00,264,560.0985718
1.00,265,406.6192017
1.00,266,419.5470886
1.00,267,474.7417603
1.00,268,442.5884705
1.00,269,434.6731873
1.00,270,456.1986694
1.00,271,559.6859741
1.00,272,478.6505737
1.00,273,576.5283203
1.00,274,609.4880371
1.00,275,536.1068115
1.00,276,498.7288208
1.00,277,702.0683594
1.00,278,407.9279175
1.00,279,595.1323242
1.00,280,394.6741333
1.00,281,504.8422852
1.00,282,577.7202148
1.00,283,359.9701233
1.00,284,412.8760986
1.00,285,685.8735352
1.00,286,603.9419556
1.00,287,608.9118652
1.00,288,1007.419312
1.00,289,465.5691833
1.00,290,560.6675415
1.00,291,632.7349854
1.00,292,762.0042114
1.00,293,675.5876465
1.00,294,592.9777832
1.00,295,472.365387
1.00,296,591.9029541
1.00,297,629.1265869
1.00,298,503.3994751
1.00,299,594.3709106
1.00,300,593.901001